account,duration,credit_history,purpose,amount,savings,employment,installment_rate,guarantors,residence,age,credits_number,job,maintenance_people,telephone,foreign,real_estate,life_insurance,car,housing_rent,sex,target
0,18,4,furniture,3780,1,1,3,1,2,35,2,3,1,1,yes,0,0,1,0,male,1
1,24,2,car_new,1246,1,1,4,1,2,23,1,1,1,0,yes,1,0,0,0,male,0
0,15,2,car_used,3029,1,3,2,1,2,33,1,2,1,0,yes,0,0,1,0,male,1
0,36,3,television,4463,1,2,4,1,2,26,2,3,1,1,yes,0,0,1,0,male,0
-1,27,2,television,3416,1,2,3,1,2,27,1,3,1,0,yes,0,0,1,0,male,1
-1,24,3,car_new,1333,1,0,4,1,2,43,2,2,2,0,yes,1,0,0,0,male,0
0,15,2,car_new,5324,3,4,1,1,4,35,1,2,1,0,yes,0,0,0,0,female,1
1,30,4,car_new,4249,1,0,4,1,2,28,2,3,1,0,yes,0,0,1,0,female,0
0,15,4,furniture,2788,1,3,2,0,3,24,2,2,1,0,yes,0,0,1,0,female,1
1,12,2,car_new,1223,1,4,1,1,1,46,2,2,1,0,yes,1,0,0,1,male,0
1,21,2,business,1188,1,4,2,1,4,39,1,2,2,0,yes,0,1,0,0,female,0
0,4,4,television,1544,1,3,2,1,1,42,3,1,2,0,yes,1,0,0,0,male,1
-1,24,3,television,1024,1,1,4,1,4,48,1,2,1,0,yes,1,0,0,0,female,0
1,20,3,others,2629,1,2,2,1,3,29,2,2,1,1,yes,0,0,1,0,male,1
-1,36,3,education,6887,1,2,4,1,3,29,1,2,1,1,yes,0,1,0,0,male,0
0,24,1,business,1559,1,3,4,1,4,50,1,2,1,1,yes,0,0,1,0,male,1
1,30,0,business,4280,2,2,4,1,4,26,2,1,1,0,yes,0,0,1,1,female,0
1,48,4,furniture,5096,1,2,2,1,3,30,1,3,1,1,yes,0,0,1,0,female,0
0,18,2,furniture,1984,1,2,4,1,4,47,2,2,1,0,yes,0,0,0,0,male,1
-1,6,4,television,1957,1,3,1,1,4,31,1,2,1,0,yes,0,0,1,0,female,1
0,24,3,business,8648,1,1,2,1,2,27,2,2,1,1,yes,0,0,1,0,male,0
0,6,4,television,700,0,4,4,1,4,36,2,2,1,0,yes,0,0,0,0,male,1
-1,24,1,furniture,6872,1,1,2,1,1,55,1,2,1,1,yes,0,1,0,0,male,0
-1,24,1,business,3161,1,2,4,1,2,31,1,2,1,1,yes,0,1,0,1,male,0
0,9,2,education,3832,0,4,1,1,4,64,1,1,1,0,yes,1,0,0,0,male,1
1,48,2,business,15672,1,2,2,1,2,23,1,2,1,1,yes,0,0,1,0,male,0
1,48,1,car_new,12169,0,0,4,0,4,36,1,3,1,1,yes,0,0,0,0,male,1
-1,10,4,furniture,2132,0,1,2,0,3,27,2,2,1,0,no,1,0,0,1,female,1
0,30,4,television,5954,1,3,3,0,2,38,1,2,1,0,yes,0,0,1,0,male,1
0,6,2,furniture,1766,1,2,1,1,2,21,1,2,1,0,yes,0,1,0,1,female,1
1,21,2,furniture,3976,0,3,2,1,3,35,1,2,1,1,yes,0,0,1,0,male,1
0,36,4,car_used,11054,0,2,4,1,2,30,1,3,1,1,yes,0,0,1,0,male,1
0,18,4,education,1864,2,2,4,1,2,30,2,2,1,0,yes,1,0,0,0,female,0
0,12,2,television,2141,2,3,3,1,1,35,1,2,1,0,yes,0,0,0,0,male,1
1,27,4,television,2520,3,2,4,1,2,23,2,1,1,0,yes,0,1,0,0,male,0
1,15,1,car_new,6850,2,0,1,1,2,34,1,3,2,1,yes,0,1,0,0,male,0
1,36,3,car_new,8086,2,4,2,1,4,42,4,3,1,1,yes,0,0,1,0,male,0
-1,21,2,television,1835,1,2,3,1,2,25,2,2,1,1,yes,1,0,0,0,female,0
1,12,2,car_new,1295,1,1,3,1,1,25,1,2,1,0,yes,0,0,1,1,female,0
-1,36,3,business,2145,1,3,2,1,1,24,2,2,1,1,yes,0,0,1,0,male,0
-1,24,2,car_new,1381,0,2,4,1,2,35,1,2,1,0,yes,0,1,0,0,female,0
0,12,3,repairs,1555,4,4,4,1,4,55,2,2,2,0,yes,0,0,0,0,male,0
-1,18,2,car_new,2249,2,3,4,1,3,30,1,3,2,1,yes,0,0,1,0,male,1
1,18,4,furniture,7374,1,0,4,1,4,40,2,3,1,1,yes,0,1,0,0,male,1
1,18,4,furniture,1928,1,1,2,1,2,31,2,1,1,0,yes,1,0,0,0,male,0
0,33,4,car_used,7253,1,3,3,1,2,35,2,3,1,1,yes,0,0,1,0,male,1
1,9,1,car_new,1437,2,3,2,1,3,29,1,2,1,0,yes,0,0,0,0,male,0
0,12,0,furniture,2759,1,4,2,1,4,34,2,2,1,0,yes,0,1,0,0,male,1
0,30,1,car_used,7485,0,0,4,1,1,53,1,3,1,1,yes,1,0,0,0,female,0
0,12,2,television,1262,1,2,3,1,2,25,1,2,1,0,yes,0,0,1,0,male,1
0,24,2,car_new,1525,4,3,4,1,3,34,1,2,2,1,yes,0,0,1,0,female,1
-1,10,4,car_new,2241,1,1,1,1,3,48,2,1,2,0,no,1,0,0,1,male,1
0,18,4,television,1582,4,4,4,1,4,46,2,2,1,0,yes,0,0,1,0,male,1
1,60,2,education,6288,1,2,4,1,4,42,1,2,1,0,yes,0,0,0,0,male,0
0,18,2,business,1950,1,3,4,1,1,34,2,2,1,1,yes,0,0,1,0,male,1
1,12,2,television,1484,0,2,2,1,1,25,1,2,1,1,yes,1,0,0,0,female,0
1,24,0,business,4241,1,2,1,1,4,36,3,1,1,1,yes,1,0,0,0,male,0
-1,24,1,television,1546,1,3,4,0,4,24,1,1,1,0,yes,0,0,1,1,male,0
1,9,4,furniture,1919,1,3,4,1,3,35,1,2,1,1,yes,0,0,1,1,male,1
-1,18,2,car_new,1216,1,1,4,1,3,23,1,2,1,1,yes,0,0,1,1,female,0
1,9,2,furniture,918,1,2,4,1,1,30,1,2,1,0,yes,0,1,0,0,female,0
0,24,2,car_new,3757,1,4,4,0,4,62,1,2,1,1,yes,0,0,0,0,female,1
-1,24,1,furniture,3349,3,1,4,1,4,30,1,2,2,1,yes,0,0,0,0,male,0
1,36,0,television,3804,1,2,4,1,1,42,1,2,1,1,yes,0,0,1,0,female,0
0,12,4,furniture,1935,1,4,4,1,4,43,3,2,1,1,yes,1,0,0,0,male,1
-1,45,2,television,1845,1,2,4,1,4,23,1,2,1,1,yes,0,0,0,0,male,0
-1,12,2,education,795,1,1,4,1,4,53,1,2,1,0,yes,0,1,0,0,female,0
1,9,2,television,1670,1,1,4,1,2,22,1,2,1,1,yes,0,0,1,0,female,0
1,9,2,car_new,276,1,2,4,1,4,22,1,1,1,0,yes,1,0,0,1,female,1
0,60,4,car_new,13756,0,4,2,1,4,63,1,3,1,1,yes,0,0,0,0,male,1
-1,24,2,car_new,1371,0,2,4,1,4,25,1,2,1,0,yes,1,0,0,1,female,0
-1,20,4,car_new,2235,1,2,4,0,2,33,2,2,1,0,no,0,1,0,1,female,0
1,39,3,education,11760,2,3,2,1,3,32,1,2,1,1,yes,0,0,0,1,male,1
-1,48,1,business,7685,1,3,2,0,4,37,1,2,1,0,yes,0,0,1,1,female,0
1,15,2,car_new,2631,2,2,2,1,4,28,2,2,1,1,yes,0,0,1,1,female,0
0,12,4,furniture,1258,1,1,2,1,4,22,2,1,1,0,yes,0,1,0,1,female,1
0,6,2,car_new,672,1,0,1,1,4,54,1,0,1,1,yes,1,0,0,0,female,1
0,24,2,car_new,2255,0,1,4,1,1,54,1,2,1,0,yes,0,1,0,0,male,1
1,24,3,car_new,1965,0,2,4,1,4,42,2,2,1,1,yes,0,0,1,1,female,1
1,36,2,car_used,9398,1,1,1,1,4,28,1,3,1,1,yes,0,0,1,1,female,0
0,24,2,television,2397,3,4,3,1,2,35,2,2,1,1,yes,0,0,1,0,male,0
0,6,2,furniture,1543,4,2,4,1,2,33,1,2,1,0,yes,1,0,0,0,male,1
2,10,4,car_new,781,1,4,4,1,4,63,2,2,1,1,yes,0,0,0,0,male,1
1,16,4,car_new,1175,1,0,2,1,3,68,3,0,1,1,yes,0,0,1,0,male,1
0,36,2,furniture,3349,1,2,4,1,2,28,1,3,1,1,yes,0,0,1,0,female,0
1,30,4,car_new,5234,1,0,4,1,2,28,2,3,1,0,yes,0,0,1,0,female,0
-1,6,4,car_new,666,4,3,3,1,4,39,2,1,1,1,yes,1,0,0,0,female,1
1,15,4,television,2728,0,3,4,0,2,35,3,2,1,1,yes,1,0,0,0,male,1
-1,6,4,furniture,1872,1,0,4,1,4,36,3,3,1,1,yes,0,0,0,0,male,1
-1,24,2,television,1282,2,2,4,1,2,32,1,1,1,0,yes,0,0,1,0,female,0
0,12,2,television,776,1,2,4,1,2,28,1,2,1,0,yes,1,0,0,0,female,1
0,18,3,business,2169,1,2,4,1,2,28,1,2,1,1,yes,0,0,1,0,female,0
-1,42,2,television,3965,1,1,4,1,3,34,1,2,1,0,yes,0,0,1,0,male,0
0,24,2,business,4591,4,2,2,1,3,54,3,3,1,1,yes,0,1,0,0,male,0
1,8,2,furniture,1237,1,2,3,1,4,24,1,2,1,0,yes,1,0,0,0,female,0
1,36,3,car_new,2225,1,4,4,1,4,57,2,2,1,1,yes,0,0,0,0,male,0
1,9,2,television,2118,1,2,2,1,2,37,1,1,2,0,yes,1,0,0,0,male,1
1,9,1,car_used,5129,1,4,2,1,4,74,1,3,2,1,yes,0,0,0,0,female,0
2,18,2,furniture,2864,1,2,2,1,1,34,1,1,2,0,yes,1,0,0,0,male,0
-1,24,2,furniture,3345,1,4,4,1,2,39,1,3,1,1,yes,0,1,0,1,male,0
-1,12,1,television,626,1,2,4,1,4,24,1,1,1,0,yes,1,0,0,0,female,0
1,13,2,television,2101,1,1,2,0,4,23,1,1,1,0,yes,0,1,0,0,female,1
1,48,2,television,5951,1,2,2,1,2,22,1,2,1,0,yes,1,0,0,0,female,0
1,12,2,furniture,3017,1,1,3,1,1,34,1,3,1,0,yes,1,0,0,1,female,1
-1,15,2,business,806,1,2,4,1,4,22,1,1,1,0,yes,0,1,0,0,female,1
-1,18,2,car_used,7511,0,4,1,1,4,51,1,2,2,1,yes,0,1,0,0,male,0
1,12,4,television,3573,1,2,1,1,1,23,1,1,1,0,yes,1,0,0,0,female,1
0,30,4,car_used,7596,0,4,1,1,4,63,2,2,1,0,yes,0,0,1,0,male,1
-1,24,2,car_new,915,0,4,4,1,2,29,1,2,1,0,yes,0,0,1,0,female,0
1,12,2,business,841,2,3,2,1,4,23,1,1,1,0,yes,1,0,0,1,female,1
0,15,2,car_used,1300,0,4,4,1,4,45,1,2,2,0,yes,0,0,0,0,male,1
1,18,2,furniture,1924,0,1,4,1,3,27,1,2,1,0,yes,1,0,0,1,female,0
1,12,2,repairs,639,1,2,4,1,2,30,1,2,1,0,yes,0,0,1,0,male,0
1,48,3,education,6224,1,4,4,1,4,50,1,2,1,0,yes,0,0,0,0,male,0
1,12,2,business,1037,2,3,3,1,4,39,1,1,1,0,yes,1,0,0,0,male,1
1,48,0,others,18424,1,2,1,1,2,32,1,3,1,1,no,0,1,0,0,female,0
-1,12,1,car_new,697,1,1,4,1,2,46,2,2,1,1,yes,0,0,1,0,male,0
2,12,4,car_new,1480,3,0,2,1,4,66,3,0,1,0,yes,0,0,0,0,male,1
-1,18,2,television,3190,1,2,2,1,2,24,1,2,1,0,yes,1,0,0,0,female,0
1,45,2,television,3031,2,2,4,0,4,21,1,2,1,0,yes,0,1,0,1,male,0
0,18,4,television,2404,1,2,2,1,2,26,2,2,1,0,yes,0,0,1,0,female,1
0,24,4,television,5103,1,1,3,1,3,47,3,2,1,1,yes,0,0,0,0,female,1
0,10,2,car_new,1309,0,2,4,0,4,27,1,1,1,0,yes,0,1,0,0,male,0
1,48,2,television,3060,1,3,4,1,4,28,2,2,1,0,yes,1,0,0,0,male,0
0,21,2,car_used,2476,0,4,4,1,4,46,1,3,1,1,yes,1,0,0,0,male,1
-1,8,4,others,1164,1,4,3,1,4,51,2,3,2,1,yes,0,0,0,0,male,1
1,18,4,furniture,6361,1,4,2,1,1,41,1,2,1,1,yes,0,0,0,0,male,1
0,24,2,television,1533,1,1,4,1,3,38,1,2,1,1,yes,0,0,1,0,female,1
1,9,4,education,1501,1,4,2,1,3,34,2,3,1,1,yes,0,0,1,0,female,0
0,54,0,car_used,9436,0,2,2,1,2,39,1,1,2,0,yes,0,1,0,0,male,1
0,18,2,television,1473,1,1,3,1,4,39,1,2,1,1,yes,1,0,0,0,female,1
-1,12,1,television,2149,1,2,4,1,1,29,1,2,1,0,yes,0,0,0,0,male,0
1,24,2,car_used,11560,1,2,1,1,4,23,2,3,1,0,yes,0,0,1,1,female,0
-1,9,2,car_new,1422,1,1,3,1,2,27,1,3,1,1,yes,0,0,0,0,male,0
-1,15,2,car_new,3959,1,2,3,1,2,29,1,2,1,1,yes,0,1,0,0,female,0
-1,21,1,car_new,1647,0,2,4,1,2,40,2,1,2,0,yes,0,1,0,0,male,0
1,60,3,television,7418,0,2,1,1,1,27,1,1,1,0,yes,1,0,0,0,male,1
-1,6,2,education,448,1,1,4,1,4,23,1,2,1,0,yes,0,1,0,0,female,0
1,24,2,car_used,4113,3,1,3,1,4,28,1,2,1,0,yes,0,0,1,1,female,0
1,24,2,others,11328,1,2,2,0,3,29,2,3,1,1,yes,0,0,1,0,male,0
-1,12,2,car_new,2579,1,1,4,1,1,33,1,1,2,0,yes,1,0,0,0,male,0
0,18,2,television,433,1,0,3,0,4,22,1,2,1,0,yes,1,0,0,1,female,0
-1,24,2,business,6568,1,2,2,1,2,21,1,1,1,0,yes,0,0,1,0,female,1
-1,6,1,education,1198,1,4,4,1,4,35,1,2,1,0,yes,0,0,0,0,female,0
0,15,2,car_used,3812,2,1,1,1,4,23,1,2,1,1,yes,0,0,1,0,female,1
0,24,4,television,1851,1,3,4,0,2,33,2,2,1,1,yes,0,0,1,0,female,1
0,48,4,education,6110,1,2,1,1,3,31,1,2,1,1,yes,0,0,0,0,male,1
0,12,2,television,3059,4,3,2,1,4,61,1,1,1,0,yes,1,0,0,0,male,1
1,18,2,business,1941,4,2,4,1,2,35,1,1,1,1,yes,0,1,0,0,male,1
1,18,0,car_new,2278,2,1,3,1,3,28,2,2,1,0,yes,0,0,1,0,female,0
1,24,4,car_used,7758,4,4,2,1,4,29,1,2,1,0,yes,0,0,0,1,female,1
0,36,4,car_new,7855,1,2,4,1,2,25,2,2,1,1,yes,1,0,0,0,female,0
1,9,4,education,1136,4,4,4,1,3,32,2,2,2,0,yes,0,0,0,0,male,0
1,10,2,furniture,1521,1,2,4,1,2,31,1,1,1,0,yes,0,0,1,0,male,1
-1,12,2,furniture,1858,1,1,4,1,1,22,1,2,1,0,yes,0,0,1,1,female,1
0,18,2,car_new,2662,0,3,4,1,3,32,1,2,1,0,no,0,1,0,0,male,1
1,60,2,car_new,14027,1,3,4,1,2,27,1,3,1,1,yes,0,0,0,0,male,0
0,9,4,television,3074,0,2,1,1,2,33,2,2,2,0,yes,1,0,0,0,male,1
-1,6,2,domestic_appliances,343,1,1,4,1,1,27,1,2,1,0,yes,1,0,0,0,female,1
2,4,2,car_new,1494,0,1,1,1,2,29,1,1,2,0,no,1,0,0,0,male,1
0,24,4,car_used,2197,0,3,4,1,4,43,2,2,2,1,yes,0,0,1,0,male,1
0,24,4,car_new,1287,4,4,4,1,4,37,2,2,1,1,yes,1,0,0,0,female,1
-1,24,3,car_new,4870,1,2,3,1,4,53,2,2,2,0,yes,0,0,0,0,male,0
-1,12,2,car_new,1274,1,1,3,1,1,37,1,1,1,0,yes,1,0,0,0,female,0
-1,48,0,furniture,7119,1,2,3,1,4,53,2,2,2,0,yes,0,0,0,0,male,0
2,18,2,television,2100,1,2,4,0,2,37,1,2,1,0,yes,1,0,0,0,male,0
0,15,4,furniture,3343,1,2,4,1,2,28,1,2,1,1,yes,0,0,0,0,male,1
-1,36,2,car_used,5493,1,4,2,1,4,42,1,2,2,0,yes,0,0,0,0,male,1
0,9,2,furniture,1980,1,1,2,0,2,19,2,2,1,0,yes,0,0,1,1,female,0
-1,18,0,furniture,3114,1,1,1,1,4,26,1,2,1,0,yes,0,1,0,1,female,0
1,12,2,car_new,1318,4,4,4,1,4,54,1,2,1,1,yes,1,0,0,0,male,1
0,15,4,television,1459,1,2,4,1,2,43,1,1,1,0,yes,0,0,1,0,female,1
0,11,4,car_new,7228,1,2,1,1,4,39,2,1,1,0,yes,0,1,0,0,male,1
1,24,2,car_new,3512,2,3,2,1,3,38,2,2,1,1,yes,0,0,1,0,male,1
0,24,2,furniture,2835,3,4,3,1,4,53,1,2,1,0,yes,0,1,0,0,male,1
0,15,4,furniture,1520,0,4,4,1,4,63,1,2,1,0,yes,0,1,0,0,male,1
0,28,4,television,2743,1,4,4,1,2,29,2,2,1,0,yes,0,0,1,0,male,1
-1,12,2,domestic_appliances,741,2,0,4,1,3,22,1,2,1,0,yes,0,1,0,0,female,0
1,24,4,furniture,4736,1,1,2,1,4,25,1,1,1,0,yes,0,0,1,0,female,0
1,45,4,television,4746,1,1,4,1,2,25,2,1,1,0,yes,0,1,0,0,male,0
2,10,2,furniture,1275,1,1,4,1,2,23,1,2,1,0,yes,0,1,0,0,female,1
-1,24,2,furniture,3149,1,1,4,1,1,22,1,2,1,0,yes,0,0,0,0,male,1
0,18,2,furniture,2515,1,2,3,1,4,43,1,2,1,1,yes,1,0,0,0,male,1
-1,30,2,furniture,3108,1,1,2,1,4,31,1,1,1,0,yes,0,1,0,0,male,0
1,48,3,business,6681,0,2,4,1,4,38,1,2,2,1,yes,0,0,0,0,male,1
0,24,4,education,1927,0,2,3,1,2,33,2,2,1,1,yes,0,0,1,0,female,1
0,12,2,business,1076,1,2,2,1,2,26,1,2,1,1,no,1,0,0,0,female,1
1,24,2,television,3092,2,1,3,1,2,22,1,2,1,1,yes,0,0,1,1,female,0
-1,48,4,car_used,6331,1,4,4,1,4,46,2,2,1,1,yes,0,0,0,0,male,0
-1,12,0,repairs,1108,1,3,4,1,3,28,2,2,1,0,yes,1,0,0,0,male,0
0,24,2,television,3235,3,4,3,1,2,26,1,3,1,1,yes,0,0,1,0,male,1
0,6,0,television,426,1,4,4,1,4,39,1,1,1,0,yes,0,0,1,0,female,1
2,30,3,business,1908,1,4,4,1,4,66,1,3,1,1,yes,1,0,0,0,male,0
-1,24,2,furniture,3234,1,1,4,1,4,23,1,1,1,1,yes,1,0,0,1,female,0
-1,36,4,furniture,2348,1,2,3,1,2,46,2,2,1,1,yes,0,1,0,0,female,1
1,36,2,education,2273,1,3,3,1,1,32,2,2,2,0,yes,0,0,1,0,male,1
1,36,2,television,2671,2,2,4,0,4,50,1,2,1,0,yes,0,0,0,0,female,0
0,4,4,television,1503,1,3,2,1,1,42,2,1,2,0,yes,1,0,0,0,male,1
-1,24,2,television,1938,1,1,4,1,3,32,1,2,1,0,yes,0,1,0,0,male,0
-1,40,4,education,5998,1,2,4,1,3,27,1,2,1,1,yes,0,0,0,0,male,0
1,11,2,furniture,1577,4,1,4,1,1,20,1,2,1,0,yes,1,0,0,0,female,1
2,24,4,business,1275,4,2,2,1,4,36,2,2,1,1,yes,1,0,0,0,male,1
1,14,2,business,1410,3,4,1,1,2,35,1,2,1,1,yes,1,0,0,0,female,1
0,12,2,car_new,1386,3,2,2,1,2,26,1,2,1,0,yes,0,1,0,0,female,0
2,24,2,car_new,947,1,3,4,1,3,38,1,2,2,0,yes,0,0,0,0,male,0
-1,12,2,furniture,1289,1,2,4,0,1,21,1,1,1,0,yes,0,1,0,0,male,1
-1,36,2,car_new,1842,1,1,4,1,4,34,1,2,1,1,yes,0,0,1,0,female,0
0,12,2,television,1963,1,3,4,1,2,31,2,3,2,1,yes,0,0,1,1,male,1
1,48,2,car_new,8487,0,3,1,1,2,24,1,2,1,0,yes,0,0,1,0,female,1
0,12,4,car_new,1163,3,2,4,1,4,44,1,2,1,1,yes,1,0,0,0,male,1
2,15,2,education,392,1,1,4,1,4,23,1,2,1,1,yes,0,1,0,1,female,1
-1,18,1,car_new,1442,1,3,4,1,4,32,2,1,2,0,yes,0,0,0,0,male,0
-1,18,2,television,1882,1,2,4,1,4,25,2,2,1,0,yes,0,0,1,1,female,0
0,10,2,television,1924,1,2,1,1,4,38,1,2,1,1,no,0,1,0,0,male,1
0,15,2,education,4623,2,2,3,1,2,40,1,3,1,1,yes,0,1,0,0,male,0
-1,48,2,television,6758,1,2,3,1,2,31,1,2,1,1,yes,0,0,1,0,female,0
-1,18,2,furniture,2659,4,2,4,1,2,28,1,2,1,0,yes,0,0,1,0,male,1
-1,15,2,car_new,2511,1,0,1,1,4,23,1,2,1,0,yes,0,0,1,1,female,1
0,18,2,car_new,6761,0,2,2,1,4,68,2,2,1,0,yes,0,0,1,1,male,0
1,27,0,business,8318,1,4,2,1,4,42,2,3,1,1,yes,0,0,0,0,female,0
0,6,4,car_new,2080,3,2,1,1,2,24,1,2,1,0,yes,0,0,1,0,female,1
0,18,2,television,1453,1,1,3,1,1,26,1,2,1,0,yes,1,0,0,0,female,1
-1,20,2,furniture,2212,0,3,4,1,4,39,1,2,1,1,yes,0,0,1,0,male,1
0,12,4,television,797,0,4,4,1,3,33,1,1,2,0,yes,0,1,0,0,female,0
0,36,3,business,9572,1,1,1,1,1,28,2,2,1,0,yes,0,0,1,0,male,0
0,12,2,car_new,2133,0,4,4,1,4,52,1,3,1,1,yes,0,0,0,0,female,1
0,36,2,television,2299,3,4,4,1,4,39,1,2,1,0,yes,0,0,1,0,male,1
-1,18,4,furniture,2124,1,2,4,1,4,24,2,2,1,0,yes,1,0,0,1,female,0
0,24,4,car_new,2463,2,3,4,1,3,27,2,2,1,1,yes,0,1,0,0,female,1
-1,24,1,car_new,1193,1,0,1,0,4,29,2,0,1,0,yes,0,0,0,1,female,0
-1,24,2,car_used,2964,0,4,4,1,4,49,1,2,2,1,yes,0,0,0,0,male,1
2,15,2,business,2687,1,3,2,1,4,26,1,2,1,1,yes,0,1,0,1,male,1
1,30,3,television,1919,2,1,4,1,3,30,2,3,1,0,yes,0,0,0,0,male,0
-1,12,4,car_new,691,1,4,4,1,3,35,2,2,1,0,yes,0,1,0,0,male,0
0,12,4,television,1655,1,4,2,1,4,63,2,1,1,1,yes,1,0,0,0,male,1
-1,33,4,furniture,4281,3,2,1,1,4,23,2,2,1,0,yes,0,0,1,0,female,0
-1,36,4,education,8065,1,2,3,1,2,25,2,3,1,1,yes,0,0,0,0,female,0
0,4,4,car_new,3380,1,3,1,1,1,37,1,2,2,0,yes,1,0,0,0,female,1
1,24,3,business,4712,0,2,4,1,2,37,2,3,1,1,yes,0,1,0,0,male,1
-1,12,2,education,684,1,2,4,1,4,40,1,1,2,0,yes,0,0,1,1,male,0
1,24,2,television,3758,3,0,1,1,4,23,1,0,1,0,yes,0,0,0,1,female,1
1,18,4,television,1795,1,4,3,0,4,48,2,1,1,1,yes,1,0,0,1,female,1
-1,24,4,car_new,1199,1,4,4,1,4,60,2,1,1,0,yes,0,0,1,0,male,0
1,12,2,television,625,1,1,4,0,1,26,1,1,1,0,yes,1,0,0,0,female,1
0,24,2,furniture,3062,3,4,4,1,3,32,1,2,1,1,yes,0,0,0,1,male,1
0,24,4,television,2611,1,4,4,0,3,46,2,2,1,0,yes,1,0,0,0,female,1
-1,24,2,furniture,4020,1,2,2,1,2,27,1,2,1,0,yes,0,0,1,0,male,1
1,48,3,others,7582,2,0,2,1,4,31,1,3,1,1,yes,0,0,0,0,male,1
-1,12,2,furniture,7865,1,4,4,1,4,53,1,3,1,1,yes,0,0,0,0,male,0
-1,24,2,car_new,4817,1,3,2,0,3,31,1,2,1,1,yes,0,1,0,0,male,0
-1,12,2,car_new,1168,1,2,4,1,3,27,1,1,1,0,yes,1,0,0,0,female,1
1,18,3,furniture,4297,1,4,4,1,3,40,1,3,1,1,yes,0,0,0,0,male,0
-1,12,0,car_new,1082,1,2,4,1,4,48,2,2,1,0,yes,0,0,1,0,male,0
1,24,2,car_new,1355,1,1,3,1,4,25,1,1,1,1,yes,0,0,1,0,female,0
-1,24,2,car_new,2303,1,4,4,0,1,45,1,2,1,0,yes,1,0,0,0,male,0
0,10,2,furniture,2210,1,2,2,1,2,25,1,1,1,0,yes,1,0,0,1,male,0
2,12,4,car_new,939,3,3,4,1,2,28,3,2,1,1,yes,1,0,0,0,female,0
-1,45,0,business,11816,1,4,2,1,4,29,2,2,1,0,yes,0,0,1,1,male,0
-1,9,2,car_new,654,1,2,4,1,3,28,1,1,1,0,yes,0,0,1,0,male,0
-1,24,1,others,1358,0,4,4,1,3,40,1,3,1,1,yes,0,0,1,0,male,0
1,12,2,television,6468,0,0,2,1,1,52,1,3,1,1,yes,0,0,0,0,male,0
0,48,2,television,10222,0,3,4,1,3,37,1,2,1,1,yes,0,0,1,0,male,1
1,24,2,car_used,2760,0,4,4,1,4,36,1,2,1,1,yes,0,0,0,0,male,1
-1,12,2,television,727,2,1,4,1,3,33,1,1,1,1,yes,0,0,0,0,female,0
0,27,2,repairs,5190,0,4,4,1,4,48,4,2,2,1,yes,0,1,0,0,male,1
0,27,2,car_new,2570,1,2,3,1,3,21,1,2,1,0,yes,1,0,0,1,female,0
-1,18,2,education,750,1,0,4,1,1,27,1,0,1,0,yes,1,0,0,0,female,0
1,20,0,car_used,6148,2,4,3,1,4,31,2,2,1,1,yes,0,0,1,0,female,1
-1,30,0,furniture,4583,1,2,2,0,2,32,2,2,1,0,yes,1,0,0,0,male,1
1,6,2,television,590,1,1,3,1,3,26,1,1,1,0,no,1,0,0,0,female,1
1,12,2,television,1331,1,1,2,1,1,22,1,2,1,0,yes,0,0,1,0,male,0
-1,18,2,television,2600,1,2,4,1,4,65,2,2,1,0,yes,0,0,0,0,male,0
2,18,2,car_new,1961,1,4,3,1,2,23,1,3,1,0,yes,0,0,1,0,female,1
0,6,4,car_new,250,4,2,2,1,2,41,2,1,1,0,yes,1,0,0,0,female,1
0,48,4,car_used,2751,0,4,4,1,3,38,2,2,2,1,yes,0,0,1,0,male,1
0,21,2,furniture,2241,1,4,4,1,2,50,2,2,1,0,yes,1,0,0,0,male,1
1,15,1,car_new,1264,2,2,2,1,2,25,1,2,1,0,yes,0,1,0,1,female,0
1,24,3,furniture,2064,1,0,3,1,2,34,1,3,1,1,yes,0,1,0,0,female,0
1,36,2,education,12612,2,2,1,1,4,47,1,2,2,1,yes,0,0,0,0,male,0
-1,36,2,furniture,5179,1,3,4,1,2,29,1,2,1,0,yes,0,1,0,0,male,0
1,18,4,car_new,884,1,4,4,1,4,36,1,2,2,1,yes,0,0,1,0,male,0
1,18,2,furniture,3001,1,3,2,1,4,40,1,2,1,0,yes,1,0,0,1,female,1
-1,60,3,business,6836,1,4,3,1,4,63,2,2,1,1,yes,0,0,0,0,male,0
-1,36,2,furniture,2712,1,4,2,1,2,41,1,2,2,0,yes,0,1,0,0,male,0
-1,24,2,others,1755,1,4,4,0,4,58,1,1,1,1,yes,1,0,0,0,female,1
-1,6,4,car_new,4716,0,1,1,1,3,44,2,1,2,0,yes,1,0,0,0,male,1
0,12,2,car_new,1884,1,4,4,1,4,39,1,3,1,1,yes,0,0,1,0,male,1
-1,36,1,furniture,2746,1,4,4,1,4,31,1,2,1,0,yes,0,0,1,0,male,0
-1,6,4,car_new,1361,1,1,2,1,4,40,1,1,2,0,no,1,0,0,0,male,1
0,24,2,television,5943,0,1,1,1,1,44,2,2,1,1,yes,0,0,1,0,female,0
0,10,2,car_used,2901,0,1,1,1,4,31,1,2,1,0,yes,1,0,0,1,female,1
-1,18,2,domestic_appliances,1217,1,2,4,1,3,47,1,1,1,1,yes,1,0,0,0,female,0
0,18,2,repairs,1943,1,1,4,1,4,23,1,2,1,0,yes,1,0,0,0,female,0
0,24,4,car_used,2346,1,3,4,1,3,35,2,2,1,1,yes,0,0,1,0,male,1
-1,12,4,car_new,2122,1,2,3,1,2,39,2,1,2,0,no,1,0,0,1,male,1
0,12,4,car_new,926,1,0,1,1,2,38,1,0,1,0,yes,0,1,0,0,female,1
-1,48,2,domestic_appliances,3051,1,2,3,1,4,54,1,2,1,0,yes,0,0,1,0,male,0
0,15,4,car_new,5045,0,4,1,1,4,59,1,2,1,1,yes,0,0,1,0,female,1
-1,24,2,television,1823,1,0,4,1,2,30,1,3,2,0,yes,0,0,1,0,male,0
0,48,2,business,3914,0,2,4,1,2,38,1,2,1,0,yes,1,0,0,0,male,0
0,12,4,television,1240,0,4,4,1,2,38,2,2,1,1,yes,1,0,0,0,female,1
1,12,4,car_new,3124,1,1,1,1,3,49,2,1,2,0,yes,1,0,0,0,male,1
2,15,2,television,2327,1,1,2,1,3,25,1,1,1,0,yes,1,0,0,0,female,0
1,18,2,business,2622,2,2,4,1,4,34,1,2,1,0,yes,0,0,1,0,male,1
-1,6,2,car_new,1374,0,0,4,1,3,75,1,3,1,1,yes,0,1,0,0,female,1
1,48,1,business,6416,1,4,4,1,3,59,1,2,1,0,yes,0,0,0,1,female,0
1,24,4,others,11938,1,2,2,0,3,39,2,3,2,1,yes,0,0,1,0,male,0
0,18,4,television,2238,1,2,2,1,1,25,2,2,1,0,yes,0,0,1,0,female,1
0,18,0,business,4165,1,2,2,1,2,36,2,2,2,0,yes,0,0,1,0,male,0
-1,36,2,television,2302,1,2,4,1,4,31,1,2,1,0,yes,0,0,1,1,male,0
0,12,2,education,719,1,4,4,1,4,41,1,1,2,0,yes,0,0,1,0,male,0
1,12,2,car_used,2028,0,2,4,1,2,30,1,2,1,0,yes,0,0,1,0,male,1
0,15,4,television,1471,1,2,4,1,4,35,2,2,1,1,yes,0,0,0,0,male,1
2,10,2,car_new,1240,2,4,1,1,4,48,1,1,2,0,yes,0,0,0,0,female,0
-1,12,0,television,6199,1,2,4,1,2,28,2,2,1,1,yes,0,1,0,1,male,0
0,21,3,furniture,1591,2,3,4,1,3,34,2,3,1,0,yes,1,0,0,0,male,1
2,21,4,education,2319,1,1,2,1,1,33,1,2,1,0,yes,0,0,1,1,male,0
0,9,2,television,1478,1,3,4,1,2,22,1,2,1,0,yes,0,0,1,0,male,0
1,12,2,television,1158,3,2,3,1,1,26,1,2,1,1,yes,0,0,1,0,male,1
-1,48,2,car_used,10297,1,3,4,1,4,39,3,2,2,1,yes,0,0,0,0,male,0
-1,9,2,furniture,2136,1,2,3,1,2,25,1,2,1,0,yes,1,0,0,0,male,1
0,9,2,business,1449,1,3,3,1,2,27,2,2,1,0,yes,0,0,1,0,female,1
-1,14,2,car_new,8978,1,4,1,1,4,45,1,3,1,1,no,0,1,0,0,male,0
-1,48,2,car_new,7763,1,4,4,1,4,42,1,3,1,0,yes,0,0,0,0,male,0
1,30,3,business,2503,2,4,4,1,2,41,2,2,1,0,yes,0,1,0,0,male,1
1,6,2,television,1068,1,4,4,1,4,28,1,2,2,0,yes,0,0,1,0,male,1
1,36,2,repairs,2384,1,1,4,1,1,33,1,1,1,0,yes,0,0,0,1,male,0
1,36,4,car_new,2820,1,1,4,1,4,27,2,2,1,0,yes,0,0,1,0,male,0
1,6,3,car_new,1209,1,0,4,1,4,47,1,3,1,1,yes,0,1,0,0,male,0
-1,24,2,car_new,1442,1,3,4,1,4,23,2,2,1,0,yes,0,0,1,1,female,0
0,36,4,car_used,5842,1,4,2,1,2,35,2,2,2,1,yes,0,1,0,0,male,1
1,24,1,education,1837,1,3,4,1,4,34,1,1,1,0,yes,0,0,0,0,female,0
0,24,3,car_used,4679,1,3,3,1,3,35,2,1,1,1,yes,0,0,1,0,male,1
1,30,2,car_new,2150,1,2,4,0,2,24,1,2,1,0,yes,0,0,0,0,female,0
1,12,2,furniture,983,4,1,1,1,4,19,1,1,1,0,yes,1,0,0,1,female,1
1,9,2,television,458,1,2,4,1,3,24,1,2,1,0,yes,1,0,0,0,male,1
1,48,2,car_new,6560,2,3,3,1,2,24,1,2,1,0,yes,0,1,0,0,male,0
0,24,2,business,1258,1,3,4,1,1,25,1,2,1,1,yes,1,0,0,0,male,1
0,18,2,furniture,1533,1,1,4,0,1,43,1,1,2,0,yes,0,1,0,0,female,0
0,24,4,furniture,5150,1,4,4,1,4,33,1,2,1,1,yes,0,0,1,0,male,1
1,7,2,television,2576,1,2,2,0,2,35,1,2,1,0,yes,1,0,0,0,male,1
1,24,2,furniture,4351,0,2,1,1,4,48,1,1,1,1,yes,0,1,0,0,female,1
-1,24,1,car_used,3632,1,2,1,0,4,22,1,2,1,0,no,0,0,1,1,female,1
1,12,2,car_new,836,2,1,4,1,2,23,1,1,1,0,yes,0,1,0,0,female,0
-1,48,2,car_new,3931,1,3,4,1,4,46,1,2,2,0,yes,0,0,0,0,male,0
1,15,3,repairs,1512,4,2,3,1,3,61,2,2,1,0,yes,0,1,0,0,female,0
1,6,1,car_new,931,2,1,1,1,1,32,1,1,1,0,yes,0,1,0,0,female,0
-1,42,2,television,7174,0,3,4,1,3,30,1,3,1,1,yes,0,0,1,0,female,0
0,7,3,television,846,0,4,3,1,4,36,1,2,1,0,yes,0,0,0,0,male,1
1,24,2,car_used,12579,1,4,4,1,2,44,1,3,1,1,yes,0,0,0,0,female,0
-1,24,0,furniture,4110,1,4,3,1,4,23,2,2,2,0,yes,0,0,0,1,male,0
-1,30,2,television,2522,1,4,1,0,3,39,1,2,2,0,yes,0,1,0,0,male,1
0,12,2,television,1493,1,1,4,1,3,34,1,2,2,0,yes,0,0,1,0,female,1
0,6,2,furniture,4611,1,1,1,1,4,32,1,2,1,0,yes,0,1,0,0,female,0
-1,12,2,television,709,1,4,4,1,4,57,1,1,1,0,yes,1,0,0,0,male,0
-1,18,2,furniture,2473,1,0,4,1,1,25,1,0,1,0,yes,0,0,1,0,male,0
0,6,2,car_new,3518,1,2,2,0,3,26,1,2,1,0,yes,0,1,0,1,male,1
-1,36,2,car_used,8229,1,2,2,1,2,26,1,2,2,0,yes,0,1,0,0,male,0
1,18,2,repairs,3872,1,0,2,1,4,67,1,2,1,1,yes,0,0,1,0,female,1
1,48,0,business,3844,2,3,4,1,4,34,1,1,2,0,yes,0,0,0,0,male,0
2,6,4,car_new,1299,1,2,1,1,1,74,3,0,2,0,no,1,0,0,0,male,1
1,24,2,car_new,2718,1,2,3,1,4,20,1,1,1,1,yes,0,1,0,1,female,0
0,6,2,car_used,1236,3,2,2,1,4,50,1,2,1,0,yes,0,1,0,1,male,1
0,36,4,furniture,7127,1,1,2,1,4,23,2,2,1,1,yes,0,1,0,1,female,0
1,24,4,business,1935,1,4,4,1,4,31,2,2,1,1,yes,1,0,0,0,male,0
2,42,4,car_used,4796,1,4,4,1,4,56,1,2,1,0,yes,0,0,0,0,male,1
1,9,2,furniture,959,1,2,1,1,2,29,1,2,1,0,no,0,0,1,0,female,0
1,12,2,car_new,6078,1,3,2,1,2,32,1,2,1,0,yes,0,0,1,0,male,1
1,39,4,television,4933,1,3,2,0,2,25,2,2,1,0,yes,1,0,0,0,male,0
0,9,2,domestic_appliances,1236,1,1,1,1,4,23,1,2,1,1,yes,1,0,0,1,female,1
-1,12,2,car_new,759,1,3,4,1,2,26,1,2,1,0,yes,1,0,0,0,male,0
0,21,4,car_used,3275,1,4,1,1,4,36,1,3,1,1,yes,0,0,1,0,male,1
2,6,4,education,1047,1,2,2,1,4,50,1,1,1,0,yes,0,1,0,0,female,1
2,6,2,car_new,709,4,1,2,1,2,27,1,0,1,0,no,1,0,0,0,female,1
1,36,2,car_new,12389,0,2,1,1,4,37,1,2,1,1,yes,0,0,0,0,male,0
1,9,2,car_new,1549,0,1,4,1,2,35,1,0,1,0,yes,1,0,0,0,male,1
1,30,2,furniture,3441,2,2,2,0,4,21,1,2,1,0,yes,0,0,1,1,female,0
0,21,0,car_new,5003,0,2,1,1,4,29,2,2,1,1,yes,0,1,0,0,female,0
1,15,0,car_new,1778,1,1,2,1,1,26,2,0,1,0,yes,1,0,0,1,female,0
1,12,2,furniture,1922,1,2,4,1,2,37,1,1,1,0,yes,0,1,0,0,male,0
2,12,1,business,609,1,1,4,1,1,26,1,0,1,0,yes,1,0,0,0,female,0
1,12,2,car_new,888,1,4,4,1,4,41,1,1,2,0,yes,0,0,1,0,male,0
-1,21,3,education,3414,1,1,2,1,1,26,2,2,1,0,yes,0,1,0,0,male,0
0,24,2,car_used,2679,1,1,4,1,1,29,1,3,1,1,yes,0,0,0,0,female,1
0,24,3,furniture,4151,2,2,2,1,3,35,2,2,1,0,yes,0,1,0,0,male,1
2,12,2,television,3399,0,4,2,1,3,37,1,3,1,0,yes,0,0,1,0,male,1
2,36,2,television,4210,1,2,4,1,2,26,1,2,1,0,yes,0,0,1,0,male,0
2,9,0,television,1337,1,1,4,1,2,34,2,3,1,1,yes,0,0,1,0,male,0
0,18,4,car_new,1530,1,2,3,1,2,32,2,2,1,0,yes,0,1,0,0,male,0
1,60,3,television,9157,0,2,2,1,2,27,1,3,1,0,yes,0,0,0,0,male,1
-1,8,4,car_new,3398,1,3,1,1,4,39,2,1,1,0,no,1,0,0,0,male,1
0,24,3,business,3863,1,2,1,1,2,32,1,2,1,0,yes,0,0,0,0,male,1
1,12,2,furniture,951,2,1,4,1,4,27,4,2,1,0,yes,0,0,1,1,female,0
0,6,2,television,2108,1,3,2,1,2,29,1,2,1,0,yes,1,0,0,1,female,1
1,48,2,furniture,9960,1,1,1,1,2,26,1,2,1,1,yes,0,0,1,0,female,0
0,18,4,television,6070,1,4,3,1,4,33,2,2,1,1,yes,0,0,1,0,male,1
0,9,4,car_new,2134,1,2,4,1,4,48,3,2,1,1,yes,0,0,1,0,male,1
0,9,2,furniture,1313,1,4,1,1,4,20,1,2,1,0,yes,0,0,1,0,male,1
-1,30,2,furniture,3622,4,4,4,1,4,57,2,2,1,1,yes,0,1,0,1,female,1
1,36,3,car_new,2862,2,4,4,1,3,30,1,2,1,0,yes,0,0,0,0,male,1
-1,18,2,furniture,4153,1,2,2,0,3,42,1,2,1,0,yes,0,0,1,0,male,0
-1,24,2,furniture,3021,1,2,2,1,2,24,1,1,1,0,yes,1,0,0,1,male,1
-1,18,4,car_new,3966,1,4,1,1,4,33,3,2,1,1,yes,1,0,0,1,female,0
0,36,2,furniture,10974,1,0,4,1,2,26,2,3,1,1,yes,0,0,1,0,female,0
1,12,2,television,766,3,2,4,1,3,66,1,1,1,0,yes,1,0,0,0,male,0
0,48,4,car_new,10127,3,2,2,1,2,44,1,2,1,0,yes,0,0,0,0,male,0
1,48,1,business,3566,2,3,4,1,2,30,1,2,1,0,yes,0,0,1,0,male,1
-1,30,4,car_used,6187,2,3,1,1,4,24,2,2,1,0,yes,0,0,1,1,female,1
-1,36,4,car_used,9629,1,3,4,1,4,24,2,2,1,1,yes,0,0,1,0,male,0
0,12,4,business,1412,1,2,4,0,2,29,2,3,1,1,yes,1,0,0,0,female,1
0,24,2,car_new,1474,2,1,4,1,3,33,1,2,1,1,yes,1,0,0,0,female,1
0,48,2,business,4844,1,0,3,1,2,33,1,3,1,1,yes,0,0,1,1,male,0
0,24,4,car_used,3868,1,4,4,1,2,41,2,3,1,1,yes,0,0,1,1,female,1
1,30,4,furniture,8386,1,3,2,1,2,49,1,2,1,0,yes,0,1,0,0,male,0
0,48,4,car_used,11590,2,2,2,1,4,24,2,1,1,0,yes,0,0,1,1,female,0
0,21,3,business,2580,3,1,4,1,2,41,1,1,2,0,yes,1,0,0,0,male,0
-1,12,4,car_new,3499,1,2,3,0,2,29,2,2,1,0,yes,1,0,0,0,female,0
-1,42,2,furniture,7882,1,3,2,0,4,45,1,2,2,0,yes,0,1,0,0,male,1
1,7,2,television,2415,1,2,3,0,2,34,1,2,1,0,yes,1,0,0,0,male,1
0,14,3,car_new,802,1,2,4,1,2,27,2,1,1,0,yes,0,0,1,0,male,1
1,12,4,car_new,1995,2,1,4,1,1,27,1,2,1,0,yes,0,0,1,0,male,1
0,12,4,car_new,1495,1,4,4,1,1,38,2,1,2,0,yes,1,0,0,0,male,1
-1,15,3,furniture,3643,1,4,1,1,4,27,2,1,1,0,yes,0,1,0,0,female,1
2,9,2,television,745,1,2,3,1,2,28,1,1,1,0,yes,1,0,0,0,female,0
1,6,2,car_new,14555,0,0,1,1,2,23,1,0,1,1,yes,0,1,0,0,male,0
0,36,2,car_new,909,3,4,4,1,4,36,1,2,1,0,yes,0,1,0,0,male,1
-1,12,2,retraining,902,1,3,4,1,4,21,1,2,1,0,yes,0,1,0,1,female,0
-1,15,2,car_new,1403,1,2,2,1,4,28,1,2,1,0,yes,0,0,1,1,female,1
-1,30,2,repairs,11998,1,1,1,1,1,34,1,1,1,1,yes,0,0,0,0,male,0
-1,15,2,domestic_appliances,1275,0,2,4,1,2,24,1,2,1,0,yes,0,0,1,1,female,0
-1,30,2,furniture,6350,0,4,4,1,4,31,1,2,1,0,yes,0,1,0,0,male,0
1,20,3,car_used,7057,0,3,3,1,4,36,2,3,2,1,yes,0,1,0,1,male,1
0,36,4,television,3342,0,4,4,1,2,51,1,2,1,1,yes,0,0,1,0,male,1
0,6,4,furniture,1221,0,2,1,1,2,27,2,2,1,0,yes,0,1,0,0,female,1
-1,12,4,car_used,1409,1,4,4,1,3,54,1,2,1,0,yes,1,0,0,0,male,1
-1,18,2,car_new,976,1,1,1,1,2,23,1,1,1,0,yes,0,0,1,0,female,0
-1,36,2,car_new,9271,1,3,2,1,1,24,1,2,1,1,yes,0,0,1,0,male,0
1,6,1,education,433,4,1,4,1,2,24,1,2,2,0,yes,0,1,0,1,female,0
-1,36,2,furniture,3620,1,2,1,0,2,37,1,2,2,0,yes,0,1,0,0,male,1
-1,18,0,business,3104,1,3,3,1,1,31,1,2,1,1,yes,0,1,0,0,male,1
0,12,4,car_new,1255,1,4,4,1,4,61,2,1,1,0,yes,1,0,0,0,male,1
-1,12,4,furniture,2246,1,4,3,1,3,60,2,2,1,0,yes,0,1,0,0,male,0
1,21,2,business,2767,2,4,4,1,2,61,2,1,1,0,yes,0,0,1,1,male,0
-1,18,1,furniture,1553,1,2,4,1,3,44,1,2,1,0,yes,0,0,1,0,male,0
-1,48,2,business,4308,1,1,3,1,4,24,1,2,1,0,yes,0,1,0,1,female,0
1,24,2,television,5084,0,4,2,1,4,42,1,2,1,1,yes,0,0,1,0,female,1
0,24,2,television,1901,2,2,4,1,4,29,1,3,1,1,yes,0,0,1,1,male,1
1,30,1,furniture,3496,4,2,4,1,2,34,1,2,2,1,yes,0,0,1,0,male,1
-1,36,4,furniture,6229,1,1,4,0,4,23,2,1,1,1,yes,0,0,0,1,female,0
1,60,2,car_new,7408,2,1,4,1,2,24,1,3,1,0,yes,0,1,0,0,female,0
0,24,2,furniture,5511,2,2,4,1,1,25,1,2,1,0,yes,0,0,1,0,male,1
1,12,2,car_new,685,1,3,2,1,3,25,1,1,1,0,yes,0,0,1,0,female,0
1,12,2,television,1534,1,1,1,1,1,23,1,2,1,0,yes,1,0,0,1,female,0
1,12,0,furniture,2969,1,1,4,1,3,25,2,2,1,0,yes,0,1,0,1,female,0
0,12,4,business,1264,0,4,4,1,4,57,1,1,1,0,yes,0,0,0,1,male,1
-1,12,4,car_used,1526,1,4,4,1,4,66,2,3,1,0,yes,0,0,0,0,male,1
1,15,2,repairs,2631,2,2,3,1,2,25,1,1,1,0,yes,1,0,0,0,female,1
-1,12,4,car_new,4843,1,4,3,0,4,43,2,2,1,1,yes,0,1,0,1,male,0
-1,9,2,television,1364,1,3,3,1,4,59,1,2,1,0,yes,1,0,0,0,male,1
-1,30,2,furniture,2406,1,3,4,1,4,23,1,2,1,0,yes,1,0,0,1,female,0
-1,12,2,car_new,1228,1,2,4,1,2,24,1,1,1,0,yes,1,0,0,0,female,0
1,15,2,television,802,1,4,4,1,3,37,1,2,2,0,yes,0,0,1,0,male,0
2,15,4,car_used,2360,3,2,2,1,2,36,1,2,1,1,yes,0,0,1,0,male,1
-1,21,2,furniture,3599,1,3,1,1,4,26,1,1,1,0,yes,0,0,1,1,female,1
2,30,4,television,3017,1,4,4,1,4,47,1,2,1,0,yes,0,1,0,0,male,1
0,12,2,furniture,1123,3,2,4,1,4,29,1,1,1,0,yes,0,0,1,1,female,0
-1,12,2,car_new,3651,4,2,1,1,3,31,1,2,2,0,yes,0,1,0,0,male,1
-1,60,2,business,7297,1,4,4,0,4,36,1,2,1,0,yes,0,0,0,1,male,0
-1,36,2,education,1977,0,4,4,1,4,40,1,3,1,1,yes,0,0,0,0,male,0
0,24,4,television,2578,4,4,2,1,2,34,1,2,1,0,yes,0,0,1,0,male,1
-1,48,0,car_used,4605,1,4,3,1,4,24,2,2,2,0,yes,0,0,0,0,male,0
0,12,2,television,2279,0,2,4,1,4,37,1,2,1,1,yes,0,0,0,0,male,1
-1,12,2,television,701,1,2,4,1,2,40,1,1,1,0,yes,1,0,0,0,female,1
-1,12,2,car_new,1372,1,3,2,1,3,36,1,2,1,0,yes,0,0,1,0,male,0
-1,30,0,business,8072,0,1,2,1,3,25,3,2,1,0,yes,0,0,1,0,male,1
2,6,2,furniture,2116,1,2,2,1,2,41,1,2,1,1,yes,1,0,0,0,male,1
0,15,2,car_used,4657,1,2,3,1,2,30,1,2,1,1,yes,0,0,1,0,male,1
-1,24,3,television,1659,1,1,4,1,2,29,1,1,1,1,yes,0,0,1,1,female,0
1,24,3,furniture,2333,0,1,4,1,2,29,1,1,1,0,yes,0,1,0,0,male,1
2,12,2,television,3016,1,2,3,1,1,24,1,2,1,0,yes,0,0,1,0,female,1
-1,15,0,car_new,950,1,4,4,1,3,33,2,2,2,0,yes,0,0,1,1,male,0
-1,12,2,furniture,1657,1,2,2,1,2,27,1,2,1,0,yes,1,0,0,0,male,1
0,6,0,car_new,1204,2,2,4,1,1,35,1,2,1,0,no,0,0,0,1,male,1
0,24,2,car_used,3488,2,3,3,1,4,23,1,2,1,0,yes,0,0,1,0,female,1
-1,24,2,car_new,1285,0,3,4,1,4,32,1,2,1,0,yes,0,0,0,1,female,0
0,24,2,television,1376,3,3,4,1,1,28,1,2,1,0,yes,0,0,1,0,female,1
1,18,4,television,1245,1,2,4,1,2,33,1,2,1,0,yes,0,0,1,0,female,0
0,24,2,television,1552,1,3,3,1,1,32,1,2,2,0,yes,0,0,1,0,male,1
1,26,2,car_used,7966,1,1,2,1,3,30,2,2,1,0,yes,0,0,1,0,male,1
-1,9,2,television,1366,1,1,3,1,4,22,1,2,1,0,yes,0,1,0,1,female,0
1,6,2,television,484,1,3,3,0,3,28,1,1,1,0,yes,1,0,0,0,female,1
0,39,2,car_used,2569,3,2,4,1,4,24,1,2,1,0,yes,0,0,1,0,male,1
1,18,2,car_used,12976,1,0,3,1,4,38,1,3,1,1,yes,0,0,0,0,female,0
0,18,1,car_new,6458,1,4,2,1,4,39,2,3,2,1,yes,0,0,0,0,male,0
1,36,2,television,2323,1,3,4,1,4,24,1,2,1,0,yes,0,0,1,1,male,1
-1,18,2,furniture,2462,1,2,2,1,2,22,1,2,1,0,yes,0,0,1,0,male,0
0,10,4,furniture,2069,0,2,2,1,1,26,2,2,1,0,no,0,0,1,0,female,1
-1,36,2,furniture,3446,1,4,4,1,2,42,1,2,2,0,yes,0,0,1,0,male,0
-1,12,2,furniture,2577,1,2,2,1,1,42,1,2,1,0,yes,0,0,1,0,male,1
-1,12,2,car_used,3386,1,4,3,1,4,35,1,2,1,1,yes,0,0,0,0,male,0
0,12,4,repairs,996,0,3,4,1,4,23,2,2,1,0,yes,1,0,0,0,female,1
1,72,2,television,5595,2,2,2,1,2,24,1,2,1,0,yes,0,0,1,0,female,0
1,12,2,car_new,1007,4,2,4,1,1,22,1,2,1,0,yes,1,0,0,0,female,1
2,24,4,car_new,1344,0,3,4,1,2,37,2,1,2,0,yes,1,0,0,0,male,0
2,15,2,education,1905,1,4,4,1,4,40,1,3,1,1,yes,0,0,1,1,male,1
1,15,2,television,1444,0,1,4,1,1,23,1,2,1,0,yes,0,1,0,0,male,1
1,12,0,retraining,1410,1,2,2,1,2,31,1,1,1,1,yes,1,0,0,0,male,1
0,36,2,education,1819,1,2,4,1,4,37,1,2,1,1,yes,0,0,0,0,male,0
1,48,2,television,10961,4,3,1,0,2,27,2,2,1,1,yes,0,0,0,0,male,0
-1,18,4,car_new,5302,1,4,2,1,4,36,3,3,1,1,yes,0,0,0,0,male,1
-1,12,2,furniture,1282,1,2,2,1,4,20,1,2,1,0,yes,0,0,1,1,female,0
0,24,2,television,1311,2,3,4,1,3,26,1,2,1,1,yes,0,1,0,0,female,1
0,12,4,television,976,0,4,4,1,4,35,2,2,1,0,yes,0,0,1,0,male,1
0,18,4,car_new,2775,1,3,2,1,2,31,2,2,1,0,yes,0,1,0,0,male,0
1,8,2,television,760,1,3,4,0,2,44,1,1,1,0,yes,1,0,0,0,female,1
2,18,2,furniture,3049,1,1,1,1,1,45,1,1,1,0,yes,0,1,0,0,female,1
1,24,2,furniture,4057,1,3,3,1,3,43,1,2,1,1,yes,0,0,1,0,male,0
-1,36,2,others,15857,1,0,2,0,3,43,1,3,1,0,yes,0,0,1,0,male,1
0,36,3,business,7980,0,1,4,1,4,27,2,2,1,1,yes,0,0,1,1,male,0
0,18,4,car_used,3850,1,3,3,1,1,27,2,2,1,0,yes,0,0,1,0,male,1
-1,12,2,television,674,2,3,4,1,1,20,1,2,1,0,yes,0,1,0,0,female,0
1,48,0,business,14421,1,2,2,1,2,25,1,2,1,1,yes,0,0,1,0,male,0
-1,18,4,repairs,1190,1,0,2,1,4,55,3,0,2,0,yes,0,0,0,0,female,0
0,60,2,car_new,6527,0,2,4,1,4,34,1,2,2,1,yes,0,0,0,0,male,1
0,6,4,television,1237,2,2,1,1,1,27,2,2,1,0,yes,0,1,0,0,female,1
1,18,4,car_new,1056,1,4,3,0,3,30,2,2,1,0,yes,1,0,0,0,male,0
0,15,2,television,1213,3,4,4,1,3,47,1,2,1,1,yes,0,1,0,0,male,1
1,12,2,furniture,2762,0,4,1,1,2,25,1,2,1,1,yes,0,1,0,0,female,0
1,24,4,television,1216,2,1,4,1,4,38,2,2,2,0,yes,0,0,0,0,male,0
-1,6,4,television,1169,0,4,4,1,4,67,2,2,1,1,yes,1,0,0,0,male,1
0,21,2,car_new,2782,3,3,1,1,2,31,1,3,1,0,yes,0,0,1,0,female,1
0,39,2,car_used,8588,2,4,4,1,2,45,1,3,1,1,yes,0,0,1,0,male,1
-1,24,2,car_new,3123,1,1,4,1,1,27,1,2,1,0,yes,0,1,0,0,female,0
-1,18,2,furniture,1131,1,0,4,1,2,33,1,2,1,0,yes,0,0,1,0,female,0
-1,24,2,furniture,2996,0,2,2,1,4,20,1,2,1,0,yes,0,0,1,0,female,0
2,15,4,television,1271,0,2,3,1,4,39,2,2,1,1,yes,0,0,0,0,male,0
1,18,2,television,1301,1,4,4,0,2,32,1,1,1,0,yes,1,0,0,0,female,1
0,36,2,business,5742,2,3,2,1,2,31,2,2,1,1,yes,0,0,1,0,male,1
0,24,2,television,3621,2,4,2,1,4,31,2,2,1,0,yes,0,0,1,0,male,0
1,18,2,business,4439,1,4,1,0,1,33,1,3,1,1,yes,1,0,0,0,male,1
-1,9,4,repairs,1288,2,4,3,0,4,48,2,2,2,0,no,1,0,0,0,male,1
-1,24,1,car_new,2325,2,3,2,1,3,32,1,2,1,0,yes,0,0,1,0,male,1
-1,48,4,car_used,6143,1,4,4,1,4,58,2,1,1,0,yes,0,0,0,0,female,0
-1,24,1,furniture,3552,1,3,3,1,4,27,1,2,1,0,yes,0,0,1,0,male,0
-1,16,4,car_new,2625,1,4,2,0,4,43,1,2,1,1,yes,0,1,0,1,male,0
-1,48,2,television,6999,1,3,1,0,1,34,2,2,1,1,yes,1,0,0,0,female,0
0,12,2,furniture,763,1,2,4,1,1,26,1,2,1,1,yes,1,0,0,0,female,1
-1,18,2,television,1345,1,2,4,1,3,26,1,2,1,0,yes,1,0,0,0,female,0
-1,42,3,television,4370,1,3,3,1,2,26,2,2,2,1,yes,0,1,0,0,male,0
-1,36,2,car_used,8335,0,4,3,1,4,47,1,2,1,0,yes,0,0,0,0,male,0
0,24,3,car_new,2538,1,4,4,1,4,47,2,1,2,0,yes,0,0,1,0,male,0
0,12,2,television,707,1,2,4,1,2,30,2,2,1,0,yes,1,0,0,0,male,1
0,10,2,education,727,3,4,4,1,4,46,1,2,1,1,yes,0,0,0,0,male,1
0,12,4,car_new,682,2,3,4,1,3,51,2,2,1,1,yes,0,0,1,0,female,1
0,10,4,car_new,1231,1,4,3,1,4,32,2,1,2,0,no,1,0,0,0,male,1
-1,24,2,car_new,1207,1,1,4,1,4,24,1,2,1,0,yes,0,1,0,1,female,0
-1,24,2,television,1987,1,2,2,1,4,21,1,1,2,0,yes,1,0,0,1,male,0
1,54,0,business,15945,1,1,3,1,4,58,1,2,1,1,yes,0,0,0,1,male,0
2,12,2,car_new,1330,1,1,4,1,1,26,1,2,1,0,yes,1,0,0,0,male,1
0,21,4,car_new,12680,0,4,4,1,4,30,1,3,1,1,yes,0,0,0,0,male,0
0,6,2,domestic_appliances,1338,3,2,1,1,4,62,1,2,1,0,yes,1,0,0,0,male,1
0,6,1,car_new,783,0,2,1,0,2,26,1,1,2,0,yes,1,0,0,0,male,1
-1,47,2,car_new,10722,1,1,1,1,1,35,1,1,1,1,yes,1,0,0,0,female,1
0,12,4,business,1185,1,2,3,1,2,27,2,2,1,0,yes,1,0,0,0,female,1
-1,28,2,car_new,4006,1,2,3,1,2,45,1,1,1,0,yes,0,0,1,0,male,0
-1,6,2,car_new,14896,1,4,1,1,4,68,1,3,1,1,yes,0,0,0,0,male,0
1,36,3,business,4455,1,2,2,1,2,30,2,3,1,1,yes,1,0,0,0,male,0
0,18,3,furniture,1808,1,3,4,1,1,22,1,2,1,0,yes,1,0,0,0,female,0
1,15,4,television,1537,0,4,4,0,4,50,2,2,1,1,yes,1,0,0,0,male,1
-1,18,2,television,3509,1,3,4,0,1,25,1,2,1,0,yes,1,0,0,0,female,1
0,12,2,furniture,1574,1,2,4,1,2,50,1,2,1,0,yes,1,0,0,0,male,1
0,21,2,television,3160,0,4,4,1,3,41,1,2,1,1,yes,0,1,0,0,male,1
-1,24,2,television,2439,1,1,4,1,4,35,1,2,1,1,yes,1,0,0,0,female,0
-1,24,2,furniture,2359,2,0,1,1,1,33,1,2,1,0,yes,0,1,0,0,male,0
-1,39,4,furniture,14179,0,3,4,1,4,30,2,3,1,1,yes,0,1,0,0,male,1
0,24,4,business,4526,1,2,3,1,2,74,1,3,1,1,yes,1,0,0,0,male,1
1,60,1,others,14782,2,4,3,1,4,60,2,3,1,1,yes,0,0,0,0,female,0
0,12,4,business,2292,1,0,4,1,2,42,2,3,1,1,yes,0,0,1,0,male,0
0,48,3,television,7238,0,4,3,1,3,32,2,2,2,0,yes,0,0,1,0,male,1
1,27,2,business,3915,1,2,4,1,2,36,1,2,2,1,yes,0,0,1,0,male,0
-1,12,2,television,1680,3,4,3,1,1,35,1,2,1,0,yes,1,0,0,0,female,1
1,36,2,furniture,9034,2,1,4,0,1,29,1,3,1,1,yes,0,0,0,1,male,0
1,24,2,television,2039,1,1,1,1,1,22,1,2,1,1,yes,0,1,0,0,female,0
-1,18,2,car_new,4380,2,2,3,1,4,35,1,1,2,1,yes,0,0,1,0,male,1
0,36,2,car_used,8133,1,2,1,1,2,30,1,2,1,0,yes,0,1,0,0,female,1
-1,6,4,furniture,3384,1,2,1,1,4,44,1,3,1,1,yes,1,0,0,1,male,0
0,18,2,television,1505,1,2,4,1,2,32,1,3,1,1,yes,0,0,0,0,male,1
0,12,2,car_new,640,1,2,4,1,2,49,1,1,1,0,yes,1,0,0,0,male,1
1,36,2,car_new,14318,1,4,4,1,2,57,1,3,1,1,yes,0,0,0,0,male,0
1,36,0,business,1953,1,4,4,1,4,61,1,3,1,1,yes,0,0,0,0,male,0
-1,18,2,furniture,2039,1,2,1,1,4,20,1,2,1,0,yes,1,0,0,1,female,0
1,42,1,car_used,9283,1,0,1,1,2,55,1,3,1,1,yes,0,0,0,0,male,1
0,15,2,domestic_appliances,1262,3,3,4,1,3,36,2,2,1,1,yes,0,1,0,0,male,1
-1,12,2,car_new,900,0,2,4,1,2,23,1,2,1,0,yes,0,0,1,0,female,0
-1,27,0,business,5293,1,0,2,1,4,50,2,2,1,1,yes,0,1,0,0,male,0
0,4,2,furniture,601,1,1,1,1,3,23,1,1,2,0,yes,1,0,0,1,female,1
1,18,2,car_new,1042,0,2,4,1,2,33,1,2,1,0,yes,0,1,0,0,female,0
0,24,4,television,2872,2,4,3,1,4,36,1,2,2,1,yes,1,0,0,0,male,1
0,12,2,car_used,4675,0,1,1,1,4,20,1,2,1,0,yes,0,0,1,1,female,1
0,24,4,furniture,3777,4,2,4,1,4,50,1,2,1,1,yes,1,0,0,0,male,1
